-- Seed demo data for H2 demo profile
-- Seed demo data for H2 demo profile

-- Users (several customers + admin)
INSERT INTO users (id, email, display_name, role, password_hash) VALUES
('11111111-1111-1111-1111-111111111111', 'demo1@hotresvib.com', 'Demo User 1', 'CUSTOMER', '$2a$12$KBt8NF51JDrtOADNZbn16up.uM.gjGm1zNZd689wki6bc5PTbab2u'), -- password: RahasiaCus
('11111111-1111-1111-1111-111111111112', 'demo2@hotresvib.com', 'Demo User 2', 'CUSTOMER', '$2a$12$KBt8NF51JDrtOADNZbn16up.uM.gjGm1zNZd689wki6bc5PTbab2u'),
('aaaaaaaa-aaaa-aaaa-aaaa-aaaaaaaaaaaa', 'admin@hotresvib.com', 'Admin User', 'ADMIN', '$2a$12$XK2dBvi4FkIb2JUhzsqEuOp.KKKWYy.d4Xfy4EJ3TM2GqV4CIDKbi'); -- password: admin123

-- Hotels
INSERT INTO hotels (id, name, city, country) VALUES
('22222222-2222-2222-2222-222222222222', 'Demo Hotel A', 'Demo City', 'Demo Country'),
('22222222-2222-2222-2222-222222222223', 'Demo Hotel B', 'Another City', 'Demo Country'),
('22222222-2222-2222-2222-222222222224', 'Demo Hotel C', 'Third City', 'Demo Country');

-- Rooms (3 hotels × 3 rooms)
INSERT INTO rooms (id, hotel_id, number, type, base_rate_amount, base_rate_currency) VALUES
('33333333-3333-3333-3333-333333333301', '22222222-2222-2222-2222-222222222222', '101', 'SINGLE', 80.00, 'USD'),
('33333333-3333-3333-3333-333333333302', '22222222-2222-2222-2222-222222222222', '102', 'DOUBLE', 120.00, 'USD'),
('33333333-3333-3333-3333-333333333303', '22222222-2222-2222-2222-222222222222', '201', 'SUITE', 220.00, 'USD'),
('33333333-3333-3333-3333-333333333311', '22222222-2222-2222-2222-222222222223', '101', 'DOUBLE', 110.00, 'USD'),
('33333333-3333-3333-3333-333333333312', '22222222-2222-2222-2222-222222222223', '102', 'SINGLE', 70.00, 'USD'),
('33333333-3333-3333-3333-333333333313', '22222222-2222-2222-2222-222222222223', '201', 'SUITE', 200.00, 'USD'),
('33333333-3333-3333-3333-333333333321', '22222222-2222-2222-2222-222222222224', '101', 'SINGLE', 85.00, 'USD'),
('33333333-3333-3333-3333-333333333322', '22222222-2222-2222-2222-222222222224', '102', 'DOUBLE', 130.00, 'USD'),
('33333333-3333-3333-3333-333333333323', '22222222-2222-2222-2222-222222222224', '201', 'SUITE', 240.00, 'USD');

-- Availability for each room (wide ranges)
INSERT INTO availability (id, room_id, start_date, end_date, available) VALUES
('44444444-4444-4444-4444-444444444401', '33333333-3333-3333-3333-333333333301', '2026-01-01', '2026-12-31', 3),
('44444444-4444-4444-4444-444444444402', '33333333-3333-3333-3333-333333333302', '2026-01-01', '2026-12-31', 2),
('44444444-4444-4444-4444-444444444403', '33333333-3333-3333-3333-333333333303', '2026-01-01', '2026-12-31', 1),
('44444444-4444-4444-4444-444444444411', '33333333-3333-3333-3333-333333333311', '2026-01-01', '2026-12-31', 4),
('44444444-4444-4444-4444-444444444412', '33333333-3333-3333-3333-333333333312', '2026-01-01', '2026-12-31', 5),
('44444444-4444-4444-4444-444444444413', '33333333-3333-3333-3333-333333333313', '2026-01-01', '2026-12-31', 2),
('44444444-4444-4444-4444-444444444421', '33333333-3333-3333-3333-333333333321', '2026-01-01', '2026-12-31', 3),
('44444444-4444-4444-4444-444444444422', '33333333-3333-3333-3333-333333333322', '2026-01-01', '2026-12-31', 2),
('44444444-4444-4444-4444-444444444423', '33333333-3333-3333-3333-333333333323', '2026-01-01', '2026-12-31', 1);

-- Pricing rules (seasonal) for a few rooms
INSERT INTO pricing_rules (id, room_id, start_date, end_date, price_amount, price_currency, description) VALUES
('PR1', '33333333-3333-3333-3333-333333333301', '2026-06-01', '2026-08-31', 110.00, 'USD', 'Summer peak'),
('PR2', '33333333-3333-3333-3333-333333333302', '2026-12-20', '2026-12-31', 160.00, 'USD', 'Year end premium'),
('PR3', '33333333-3333-3333-3333-333333333313', '2026-07-01', '2026-07-31', 250.00, 'USD', 'Festival rates');

-- Sample reservations + payments for demo users
INSERT INTO reservations (id, user_id, room_id, start_date, end_date, total_amount_amount, total_amount_currency, status, created_at) VALUES
('55555555-5555-5555-5555-555555555551', '11111111-1111-1111-1111-111111111111', '33333333-3333-3333-3333-333333333301', '2026-07-10', '2026-07-12', 220.00, 'USD', 'CONFIRMED', '2026-01-10 09:00:00'),
('55555555-5555-5555-5555-555555555552', '11111111-1111-1111-1111-111111111112', '33333333-3333-3333-3333-333333333302', '2026-08-05', '2026-08-10', 600.00, 'USD', 'PENDING_PAYMENT', '2026-02-15 10:00:00');

INSERT INTO payments (id, reservation_id, amount_amount, amount_currency, status, payment_method, transaction_id, created_at) VALUES
('66666666-6666-6666-6666-666666666661', '55555555-5555-5555-5555-555555555551', 220.00, 'USD', 'COMPLETED', 'card', 'tx-1001', '2026-01-10 09:05:00');

-- End of seed
